<script>function offsetAnchor() {if(location.hash.length !== 0) {window.scrollTo(window.scrollX, window.scrollY - 250);}}window.addEventListener("hashchange", offsetAnchor);window.setTimeout(offsetAnchor, 1);</script>doton-Marietta.png
https:https://upload.wikimedia.org/wikipedia/commons/thumb/f/f7/Map_of_Washington_County_Ohio_Highlighting_Marietta_City.png/250px-Map_of_Washington_County_Ohio_Highlighting_Marietta_City.png
https:https://upload.wikimedia.org/wikipedia/commons/thumb/3/37/Muskingum_River_Marietta.jpg/220px-Muskingum_River_Marietta.jpg
https:https://upload.wikimedia.org/wikipedia/commons/thumb/c/cb/MO1205.JPG/170px-MO1205.JPG
https:https://upload.wikimedia.org/wikipedia/commons/thumb/0/06/CampusMartius.jpg/220px-CampusMartius.jpg
https:https://upload.wikimedia.org/wikipedia/commons/thumb/4/43/PicketedPointMariettaOH.jpg/220px-PicketedPointMariettaOH.jpg
https:https://upload.wikimedia.org/wikipedia/commons/thumb/f/f2/Marietta_Works_Squier_and_Davis_Plate_XXVI.jpg/170px-Marietta_Works_Squier_and_Davis_Plate_XXVI.jpg
https:https://upload.wikimedia.org/wikipedia/en/thumb/9/99/Question_book-new.svg/50px-Question_book-new.svg.png
https:https://upload.wikimedia.org/wikipedia/en/thumb/f/f2/Edit-clear.svg/40px-Edit-clear.svg.png
https:https://upload.wikimedia.org/wikipedia/commons/thumb/b/b1/PUTNAM_exb.jpg/92px-PUTNAM_exb.jpg
https:https://upload.wikimedia.org/wikipedia/commons/thumb/e/e5/James_Mitchell_Varnum.jpg/97px-James_Mitchell_Varnum.jpg
https:https://upload.wikimedia.org/wikipedia/commons/thumb/3/32/AbrahamWhippleColorPortrait.jpg/94px-AbrahamWhippleColorPortrait.jpg
https:https://upload.wikimedia.org/wikipedia/commons/thumb/8/8e/AnselmTupper.jpg/86px-AnselmTupper.jpg
https:https://upload.wikimedia.org/wikipedia/commons/thumb/0/04/EbenezerSproatPortrait.jpg/85px-EbenezerSproatPortrait.jpg
https:https://upload.wikimedia.org/wikipedia/commons/thumb/5/5b/GriffinGreene.jpg/103px-GriffinGreene.jpg
https:https://upload.wikimedia.org/wikipedia/commons/thumb/8/8a/2007_Sternwheeler_Festival.jpg/220px-2007_Sternwheeler_Festival.jpg
https:https://upload.wikimedia.org/wikipedia/commons/thumb/d/dd/Wikivoyage-Logo-v3-icon.svg/40px-Wikivoyage-Logo-v3-icon.svg.png
https:https://upload.wikimedia.org/wikipedia/commons/thumb/8/8d/Map_of_Ohio_highlighting_Washington_County.svg/80px-Map_of_Ohio_highlighting_Washington_County.svg.png
