<script>function offsetAnchor() {if(location.hash.length !== 0) {window.scrollTo(window.scrollX, window.scrollY - 250);}}window.addEventListener("hashchange", offsetAnchor);window.setTimeout(offsetAnchor, 1);</script>Izamiento_bandera_olimpica_Pza._Republica.jpg/220px-Izamiento_bandera_olimpica_Pza._Republica.jpg
https:https://upload.wikimedia.org/wikipedia/commons/f/fa/Location_Buenos_Aires_City.png
https:https://upload.wikimedia.org/wikipedia/commons/thumb/a/ab/200_Series_at_San_Jos%C3%A9_de_Flores.jpg/220px-200_Series_at_San_Jos%C3%A9_de_Flores.jpg
https:https://upload.wikimedia.org/wikipedia/commons/thumb/c/c2/Lago_del_rosedal_palermo_chico.jpg/220px-Lago_del_rosedal_palermo_chico.jpg
https:https://upload.wikimedia.org/wikipedia/commons/thumb/b/b3/Vista_A%C3%A9rea_del_Parque_Ol%C3%ADmpico.jpg/220px-Vista_A%C3%A9rea_del_Parque_Ol%C3%ADmpico.jpg
https:https://upload.wikimedia.org/wikipedia/commons/thumb/2/25/Playa_Parque_Roca_%288413494877%29.jpg/220px-Playa_Parque_Roca_%288413494877%29.jpg
https:https://upload.wikimedia.org/wikipedia/commons/thumb/b/bf/Parque_roca_home02.jpg/220px-Parque_roca_home02.jpg
https:https://upload.wikimedia.org/wikipedia/commons/thumb/b/bc/Puente-de-la-mujer-whatisee-nu.jpg/220px-Puente-de-la-mujer-whatisee-nu.jpg
https:https://upload.wikimedia.org/wikipedia/commons/thumb/6/6f/Tecn%C3%B3polis_desde_el_cielo.jpg/220px-Tecn%C3%B3polis_desde_el_cielo.jpg
https:https://upload.wikimedia.org/wikipedia/commons/thumb/7/7e/Presentation_of_the_Olympic_Rings_at_the_Opening_Ceremony_for_the_2018_Summer_Youth_Olympics.jpg/220px-Presentation_of_the_Olympic_Rings_at_the_Opening_Ceremony_for_the_2018_Summer_Youth_Olympics.jpg
https:https://upload.wikimedia.org/wikipedia/commons/thumb/f/f2/Buenos_Aires_2018_Olympic_Torch.jpg/170px-Buenos_Aires_2018_Olympic_Torch.jpg
https:https://upload.wikimedia.org/wikipedia/en/thumb/2/2b/Pandi.svg/200px-Pandi.svg.png
