<script>function offsetAnchor() {if(location.hash.length !== 0) {window.scrollTo(window.scrollX, window.scrollY - 250);}}window.addEventListener("hashchange", offsetAnchor);window.setTimeout(offsetAnchor, 1);</script>BD%D0%B0_%D0%98%D0%B2%D0%B0%D1%9A%D0%B8%D1%86%D1%83.jpg
https:https://upload.wikimedia.org/wikipedia/commons/thumb/3/3a/Le_centre_ville_d%27Ivanjica.jpg/139px-Le_centre_ville_d%27Ivanjica.jpg
https:https://upload.wikimedia.org/wikipedia/commons/thumb/5/5b/Kameni_most_-_panoramio.jpg/139px-Kameni_most_-_panoramio.jpg
https:https://upload.wikimedia.org/wikipedia/commons/thumb/3/3d/COA_Ivanjica.png/100px-COA_Ivanjica.png
https:https://upload.wikimedia.org/wikipedia/commons/thumb/f/fc/Municipalities_of_Serbia_Ivanjica.png/250px-Municipalities_of_Serbia_Ivanjica.png
https:https://upload.wikimedia.org/wikipedia/commons/thumb/b/b2/Ivanjica%2C_razglednica_od_1941.jpg/220px-Ivanjica%2C_razglednica_od_1941.jpg
https:https://upload.wikimedia.org/wikipedia/commons/thumb/1/18/%D0%9A%D0%B0%D0%BC%D0%B5%D0%BD%D0%B8_%D0%BC%D0%BE%D1%81%D1%82_%D1%83_%D0%98%D0%B2%D0%B0%D1%9A%D0%B8%D1%86%D0%B8.jpg/120px-%D0%9A%D0%B0%D0%BC%D0%B5%D0%BD%D0%B8_%D0%BC%D0%BE%D1%81%D1%82_%D1%83_%D0%98%D0%B2%D0%B0%D1%9A%D0%B8%D1%86%D0%B8.jpg
https:https://upload.wikimedia.org/wikipedia/commons/thumb/5/58/%D0%94%D0%B5%D0%BE_%D0%B3%D1%80%D0%B0%D0%B4%D1%81%D0%BA%D0%BE%D0%B3_%D1%86%D0%B5%D0%BD%D1%82%D1%80%D0%B0_%D0%98%D0%B2%D0%B0%D1%9A%D0%B8%D1%86%D0%B5%2C_%D0%A1%D0%BF%D0%BE%D0%BC%D0%B5%D0%BD%D0%B8%D0%BA-%D0%BC%D0%BE%D0%B7%D0%B0%D0%B8%D0%BA_%E2%80%9E%D0%A0%D0%B5%D0%B2%D0%BE%D0%BB%D1%83%D1%86%D0%B8%D1%98%D0%B8%E2%80%9C%2C_1957._%D0%B3%D0%BE%D0%B4%D0%B8%D0%BD%D0%B0%2C_%D0%82%D0%BE%D1%80%D1%92%D0%B5_%D0%90%D0%BD%D0%B4%D1%80%D0%B5%D1%98%D0%B5%D0%B2%D0%B8%D1%9B_%D0%9A%D1%83%D0%BD%2C_1.JPG/240px-thumbnail.jpg
https:https://upload.wikimedia.org/wikipedia/commons/thumb/4/48/The_house_of_Veniamin_Marinkovic_09.jpg/269px-The_house_of_Veniamin_Marinkovic_09.jpg
https:https://upload.wikimedia.org/wikipedia/commons/thumb/3/30/%D0%A5%D0%B8%D0%B4%D1%80%D0%BE-%D1%86%D0%B5%D0%BD%D1%82%D1%80%D0%B0%D0%BB%D0%B0%2C_1911..jpg/270px-%D0%A5%D0%B8%D0%B4%D1%80%D0%BE-%D1%86%D0%B5%D0%BD%D1%82%D1%80%D0%B0%D0%BB%D0%B0%2C_1911..jpg
https:https://upload.wikimedia.org/wikipedia/commons/thumb/6/65/Manastir_Kovilje.jpg/120px-Manastir_Kovilje.jpg
https:https://upload.wikimedia.org/wikipedia/commons/thumb/7/70/Ivanjicka_crkva_2.jpg/270px-Ivanjicka_crkva_2.jpg
https:https://upload.wikimedia.org/wikipedia/commons/thumb/9/9e/Saint_Nicholas%27_Church%2C_Brezova.jpg/268px-Saint_Nicholas%27_Church%2C_Brezova.jpg
https:https://upload.wikimedia.org/wikipedia/commons/thumb/c/cc/07-Crkva_u_Kosovici_%28M._Randjic%29_05.jpg/222px-07-Crkva_u_Kosovici_%28M._Randjic%29_05.jpg
https:https://upload.wikimedia.org/wikipedia/commons/thumb/a/a6/Timber_DonnellyMills2005_SeanMcClean.jpg/240px-Timber_DonnellyMills2005_SeanMcClean.jpg
https:https://upload.wikimedia.org/wikipedia/commons/thumb/a/a0/Tractors_in_Potato_Field.jpg/240px-Tractors_in_Potato_Field.jpg
https:https://upload.wikimedia.org/wikipedia/commons/thumb/e/e1/Tic-tac-toe_berries.jpg/210px-Tic-tac-toe_berries.jpg
https:https://upload.wikimedia.org/wikipedia/commons/thumb/3/3a/Raschelei.jpg/276px-Raschelei.jpg
https:https://upload.wikimedia.org/wikipedia/commons/thumb/1/1a/Brosen_windrose.svg/135px-Brosen_windrose.svg.png
https:https://upload.wikimedia.org/wikipedia/commons/thumb/8/85/Ivanjica_001.jpg/120px-Ivanjica_001.jpg
https:https://upload.wikimedia.org/wikipedia/commons/thumb/d/d5/Panoramic_view_of_the_village_Dobrace_in_Serbia_-8321.CR17.jpg/120px-Panoramic_view_of_the_village_Dobrace_in_Serbia_-8321.CR17.jpg
https:https://upload.wikimedia.org/wikipedia/commons/thumb/c/c5/Kumanica%2C_Serbia_-_panoramio.jpg/120px-Kumanica%2C_Serbia_-_panoramio.jpg
https:https://upload.wikimedia.org/wikipedia/commons/thumb/d/de/Ivanjica_-_panoramio.jpg/120px-Ivanjica_-_panoramio.jpg
https:https://upload.wikimedia.org/wikipedia/commons/thumb/3/3c/Panorama_Ivanjice_sa_Vidinog_krsa_-_panoramio_%281%29.jpg/120px-Panorama_Ivanjice_sa_Vidinog_krsa_-_panoramio_%281%29.jpg
https:https://upload.wikimedia.org/wikipedia/commons/thumb/6/69/Pe%C5%A1ter-6447.NEF.jpg/120px-Pe%C5%A1ter-6447.NEF.jpg
https:https://upload.wikimedia.org/wikipedia/commons/thumb/6/6a/Ivanjica_vodopad_-_panoramio.jpg/120px-Ivanjica_vodopad_-_panoramio.jpg
https:https://upload.wikimedia.org/wikipedia/commons/thumb/4/40/QRpedijini_QR_kodovi%2C_No%C4%87_muzeja_2014._Ivanjica001.jpg/120px-QRpedijini_QR_kodovi%2C_No%C4%87_muzeja_2014._Ivanjica001.jpg
https:https://upload.wikimedia.org/wikipedia/commons/thumb/0/0e/Ivanjica_crkva_6002_04.jpg/90px-Ivanjica_crkva_6002_04.jpg
https:https://upload.wikimedia.org/wikipedia/commons/thumb/c/c8/%D0%A7%D0%B8%D1%87%D0%B0_%D0%94%D1%80%D0%B0%D0%B6%D0%B8%D0%BD%D0%B0_%D0%BA%D1%83%D1%9B%D0%B0_-_panoramio.jpg/120px-%D0%A7%D0%B8%D1%87%D0%B0_%D0%94%D1%80%D0%B0%D0%B6%D0%B8%D0%BD%D0%B0_%D0%BA%D1%83%D1%9B%D0%B0_-_panoramio.jpg
https:https://upload.wikimedia.org/wikipedia/commons/thumb/f/f2/FKJavorstadion.jpg/120px-FKJavorstadion.jpg
https:https://upload.wikimedia.org/wikipedia/commons/thumb/c/c8/WMRS_Education_program%2C_Gymnasium_Ivanjica%2C_Serbia_2015-19.JPG/120px-WMRS_Education_program%2C_Gymnasium_Ivanjica%2C_Serbia_2015-19.JPG
https:https://upload.wikimedia.org/wikipedia/commons/thumb/b/be/Telekom_Srbija.jpg/90px-Telekom_Srbija.jpg
https:https://upload.wikimedia.org/wikipedia/commons/thumb/b/bf/%D0%9A%D0%B0%D1%82%D0%B8%D1%9B%D0%B8.jpg/120px-%D0%9A%D0%B0%D1%82%D0%B8%D1%9B%D0%B8.jpg
https:https://upload.wikimedia.org/wikipedia/commons/thumb/7/72/Draza_Mihailovic%2C1943.jpg/220px-Draza_Mihailovic%2C1943.jpg
https:https://upload.wikimedia.org/wikipedia/commons/thumb/3/3d/COA_Ivanjica.png/100px-COA_Ivanjica.png
https:https://upload.wikimedia.org/wikipedia/commons/thumb/7/70/Flag_of_Belgrade.svg/40px-Flag_of_Belgrade.svg.png
https:https://upload.wikimedia.org/wikipedia/commons/thumb/9/96/Vojvodina_municipalities_map.png/100px-Vojvodina_municipalities_map.png
https:https://upload.wikimedia.org/wikipedia/commons/thumb/5/57/Statisti%C4%8Dki_regioni_Republike_Srbije.svg/100px-Statisti%C4%8Dki_regioni_Republike_Srbije.svg.png
https:https://upload.wikimedia.org/wikipedia/commons/thumb/6/6c/Statistical_regions_of_Serbia.svg/100px-Statistical_regions_of_Serbia.svg.png
https:https://upload.wikimedia.org/wikipedia/commons/thumb/5/57/Statisti%C4%8Dki_regioni_Republike_Srbije.svg/100px-Statisti%C4%8Dki_regioni_Republike_Srbije.svg.png
