<script>function offsetAnchor() {if(location.hash.length !== 0) {window.scrollTo(window.scrollX, window.scrollY - 250);}}window.addEventListener("hashchange", offsetAnchor);window.setTimeout(offsetAnchor, 1);</script>us_Maeser.jpg/220px-Zscheilaerstrasse10_Meissen_Geburtshaus_Maeser.jpg
https:https://upload.wikimedia.org/wikipedia/commons/thumb/8/87/M%C3%A4serdenkmal.jpg/140px-M%C3%A4serdenkmal.jpg
https:https://upload.wikimedia.org/wikipedia/commons/thumb/8/84/MaeserBuilding.JPG/220px-MaeserBuilding.JPG
https:https://upload.wikimedia.org/wikipedia/commons/thumb/3/32/Maeser_Chalkboard_1.JPG/220px-Maeser_Chalkboard_1.JPG
https:https://upload.wikimedia.org/wikipedia/commons/thumb/6/6d/Maeser_Chalkboard_2.JPG/220px-Maeser_Chalkboard_2.JPG
https:https://upload.wikimedia.org/wikipedia/commons/thumb/1/16/Maeser_Chalkboard_3.JPG/220px-Maeser_Chalkboard_3.JPG
https:https://upload.wikimedia.org/wikipedia/commons/thumb/e/e2/Karl_G._Maeser_Statue_BYU.png/160px-Karl_G._Maeser_Statue_BYU.png
https:https://upload.wikimedia.org/wikipedia/commons/thumb/b/b2/KarlGMaeserGrave.jpg/200px-KarlGMaeserGrave.jpg
https:https://upload.wikimedia.org/wikipedia/commons/thumb/3/3e/KarlGMaeserSmall.jpg/200px-KarlGMaeserSmall.jpg
https:https://upload.wikimedia.org/wikipedia/commons/thumb/f/fa/Wikiquote-logo.svg/34px-Wikiquote-logo.svg.png
