<script>function offsetAnchor() {if(location.hash.length !== 0) {window.scrollTo(window.scrollX, window.scrollY - 250);}}window.addEventListener("hashchange", offsetAnchor);window.setTimeout(offsetAnchor, 1);</script>wikimedia.org/wikipedia/commons/thumb/9/9b/Kit_socks_long.svg/100px-Kit_socks_long.svg.png
https://upload.wikimedia.org/wikipedia/commons/thumb/8/83/Kit_body.svg/38px-Kit_body.svg.png
https://upload.wikimedia.org/wikipedia/commons/thumb/a/af/Kit_shorts.svg/100px-Kit_shorts.svg.png
https://upload.wikimedia.org/wikipedia/commons/thumb/9/9b/Kit_socks_long.svg/100px-Kit_socks_long.svg.png
https://upload.wikimedia.org/wikipedia/commons/thumb/e/e8/Wes_Fletcher_24-08-2013_1.jpg/150px-Wes_Fletcher_24-08-2013_1.jpg
https://upload.wikimedia.org/wikipedia/commons/thumb/4/44/Ryan_Jarvis_24-08-2013_1.jpg/150px-Ryan_Jarvis_24-08-2013_1.jpg
https://upload.wikimedia.org/wikipedia/commons/thumb/8/83/Keith_Lowe_15-03-2014_1.jpg/150px-Keith_Lowe_15-03-2014_1.jpg
https://upload.wikimedia.org/wikipedia/commons/thumb/8/8d/Russell_Penn_26-04-2014_1.jpg/150px-Russell_Penn_26-04-2014_1.jpg
https://upload.wikimedia.org/wikipedia/commons/thumb/9/95/Nigel_Worthington_07-09-2013_1.jpg/150px-Nigel_Worthington_07-09-2013_1.jpg
https://upload.wikimedia.org/wikipedia/commons/thumb/b/b3/Lanre_Oyebanjo_24-08-2013_1.jpg/150px-Lanre_Oyebanjo_24-08-2013_1.jpg
