<script>function offsetAnchor() {if(location.hash.length !== 0) {window.scrollTo(window.scrollX, window.scrollY - 250);}}window.addEventListener("hashchange", offsetAnchor);window.setTimeout(offsetAnchor, 1);</script>Indian_Election_Symbol_Kite.png/75px-Indian_Election_Symbol_Kite.png
https://upload.wikimedia.org/wikipedia/commons/thumb/f/fb/Indian_Election_Symbol_Bow_And_Arrow.png/75px-Indian_Election_Symbol_Bow_And_Arrow.png
https://upload.wikimedia.org/wikipedia/commons/thumb/d/d2/Elephant_Bahujan_Samaj_Party.svg/75px-Elephant_Bahujan_Samaj_Party.svg.png
https://upload.wikimedia.org/wikipedia/commons/thumb/b/b0/No_flag.svg/75px-No_flag.svg.png
https://upload.wikimedia.org/wikipedia/commons/thumb/b/b0/No_flag.svg/75px-No_flag.svg.png
https://upload.wikimedia.org/wikipedia/commons/thumb/b/b0/No_flag.svg/75px-No_flag.svg.png
https://upload.wikimedia.org/wikipedia/commons/thumb/4/45/Flag_of_the_Indian_National_Congress.svg/75px-Flag_of_the_Indian_National_Congress.svg.png
https://upload.wikimedia.org/wikipedia/commons/thumb/d/d2/Elephant_Bahujan_Samaj_Party.svg/75px-Elephant_Bahujan_Samaj_Party.svg.png
https://upload.wikimedia.org/wikipedia/commons/thumb/7/7f/NCP-flag.svg/75px-NCP-flag.svg.png
https://upload.wikimedia.org/wikipedia/commons/thumb/f/fb/Indian_Election_Symbol_Bow_And_Arrow.png/75px-Indian_Election_Symbol_Bow_And_Arrow.png
https://upload.wikimedia.org/wikipedia/commons/thumb/b/b0/No_flag.svg/75px-No_flag.svg.png
https://upload.wikimedia.org/wikipedia/commons/thumb/b/b0/No_flag.svg/75px-No_flag.svg.png
https://upload.wikimedia.org/wikipedia/commons/thumb/b/b0/No_flag.svg/75px-No_flag.svg.png
https://upload.wikimedia.org/wikipedia/commons/thumb/b/b0/No_flag.svg/75px-No_flag.svg.png
https://upload.wikimedia.org/wikipedia/commons/thumb/5/53/Indian_Election_Symbol_Lader.png/75px-Indian_Election_Symbol_Lader.png
https://upload.wikimedia.org/wikipedia/commons/thumb/8/8c/Flag_of_Samajwadi_Party.jpg/75px-Flag_of_Samajwadi_Party.jpg
https://upload.wikimedia.org/wikipedia/commons/thumb/b/b0/No_flag.svg/75px-No_flag.svg.png
https://upload.wikimedia.org/wikipedia/commons/thumb/b/b0/No_flag.svg/75px-No_flag.svg.png
https://upload.wikimedia.org/wikipedia/commons/thumb/4/45/Flag_of_the_Indian_National_Congress.svg/75px-Flag_of_the_Indian_National_Congress.svg.png
https://upload.wikimedia.org/wikipedia/commons/thumb/7/7f/NCP-flag.svg/75px-NCP-flag.svg.png
https://upload.wikimedia.org/wikipedia/commons/thumb/f/fb/Indian_Election_Symbol_Bow_And_Arrow.png/75px-Indian_Election_Symbol_Bow_And_Arrow.png
https://upload.wikimedia.org/wikipedia/commons/thumb/d/d2/Elephant_Bahujan_Samaj_Party.svg/75px-Elephant_Bahujan_Samaj_Party.svg.png
https://upload.wikimedia.org/wikipedia/commons/thumb/5/53/Indian_Election_Symbol_Lader.png/75px-Indian_Election_Symbol_Lader.png
