<script>function offsetAnchor() {if(location.hash.length !== 0) {window.scrollTo(window.scrollX, window.scrollY - 250);}}window.addEventListener("hashchange", offsetAnchor);window.setTimeout(offsetAnchor, 1);</script>-220px-Dm-definition.pdf.jpg
https://upload.wikimedia.org/wikipedia/commons/thumb/0/06/Peter_Behrens%2C_um_1913.jpg/220px-Peter_Behrens%2C_um_1913.jpg
https://upload.wikimedia.org/wikipedia/commons/thumb/7/75/Design_Council_-_Bow_Street_1.jpg/220px-Design_Council_-_Bow_Street_1.jpg
https://upload.wikimedia.org/wikipedia/commons/thumb/d/dc/DMI_conference.jpg/220px-DMI_conference.jpg
https://upload.wikimedia.org/wikipedia/commons/thumb/3/3c/London_-_The_Royal_Society_of_Arts.jpg/220px-London_-_The_Royal_Society_of_Arts.jpg
https://upload.wikimedia.org/wikipedia/commons/thumb/f/f8/Saab_hockey_stick.jpg/220px-Saab_hockey_stick.jpg
https://upload.wikimedia.org/wikipedia/commons/thumb/3/36/Car2Go_in_Austin.jpg/220px-Car2Go_in_Austin.jpg
https://upload.wikimedia.org/wikipedia/commons/thumb/1/10/Business_Model_Canvas.png/220px-Business_Model_Canvas.png
https://upload.wikimedia.org/wikipedia/commons/thumb/5/5d/HafenCity_Hafengeburtstag_2009c.jpg/220px-HafenCity_Hafengeburtstag_2009c.jpg
https://upload.wikimedia.org/wikipedia/commons/thumb/a/a3/Heathrow_Terminal_5_-_Departures.jpg/220px-Heathrow_Terminal_5_-_Departures.jpg
https://upload.wikimedia.org/wikipedia/commons/thumb/7/7b/1961_AMC_PRfoto_Designers.jpg/220px-1961_AMC_PRfoto_Designers.jpg
https://upload.wikimedia.org/wikipedia/commons/thumb/c/c4/Training_meeting_in_a_ecodesign_stainless_steel_company_in_brazil.JPG/220px-Training_meeting_in_a_ecodesign_stainless_steel_company_in_brazil.JPG
https://upload.wikimedia.org/wikipedia/commons/thumb/c/c3/BMW_Gina_Museum.jpg/220px-BMW_Gina_Museum.jpg
https://upload.wikimedia.org/wikipedia/commons/thumb/6/66/London_Business_School_facade.jpg/220px-London_Business_School_facade.jpg
https://upload.wikimedia.org/wikipedia/commons/thumb/f/fa/Wikiquote-logo.svg/34px-Wikiquote-logo.svg.png
https://upload.wikimedia.org/wikipedia/commons/thumb/f/fa/Wikiquote-logo.svg/34px-Wikiquote-logo.svg.png
