<script>function offsetAnchor() {if(location.hash.length !== 0) {window.scrollTo(window.scrollX, window.scrollY - 250);}}window.addEventListener("hashchange", offsetAnchor);window.setTimeout(offsetAnchor, 1);</script>x-A_sunflower%2C_Myanmar.jpg
https://upload.wikimedia.org/wikipedia/commons/thumb/7/7a/Sunflower_disk.jpg/220px-Sunflower_disk.jpg
https://upload.wikimedia.org/wikipedia/commons/thumb/c/c2/I-40W-Sunflowers.jpg/220px-I-40W-Sunflowers.jpg
https://upload.wikimedia.org/wikipedia/commons/thumb/c/c1/Helianthus_decapetalus_%27Plenus%27.jpg/350px-Helianthus_decapetalus_%27Plenus%27.jpg
https://upload.wikimedia.org/wikipedia/commons/thumb/6/62/Sunflower_leaf_structure.jpg/262px-Sunflower_leaf_structure.jpg
https://upload.wikimedia.org/wikipedia/commons/thumb/b/b0/Helianthus_petiolaris_%287161930155%29.jpg/350px-Helianthus_petiolaris_%287161930155%29.jpg
https://upload.wikimedia.org/wikipedia/commons/thumb/6/61/Helianthus_giganteus.jpg/328px-Helianthus_giganteus.jpg
https://upload.wikimedia.org/wikipedia/en/thumb/7/77/Red_sunflower.jpg/323px-Red_sunflower.jpg
https://upload.wikimedia.org/wikipedia/commons/thumb/0/0d/Sunflower_%22Strawberry_Blonde%22_%283931552086%29.jpg/174px-Sunflower_%22Strawberry_Blonde%22_%283931552086%29.jpg
https://upload.wikimedia.org/wikipedia/commons/thumb/b/b1/Helianthus_orgyalis0.jpg/196px-Helianthus_orgyalis0.jpg
https://upload.wikimedia.org/wikipedia/commons/thumb/9/9c/Flower_bud_of_Sunflower_-_Helianthus.JPG/241px-Flower_bud_of_Sunflower_-_Helianthus.JPG
https://upload.wikimedia.org/wikipedia/commons/thumb/d/dd/HelianthusTuberosus.jpg/358px-HelianthusTuberosus.jpg
https://upload.wikimedia.org/wikipedia/commons/thumb/5/58/Sunflower_Leaf-_Helianthus.JPG/350px-Sunflower_Leaf-_Helianthus.JPG
https://upload.wikimedia.org/wikipedia/commons/thumb/f/f0/Side_rear_view_of_Sunflower_head-_Helianthus.JPG/196px-Side_rear_view_of_Sunflower_head-_Helianthus.JPG
https://upload.wikimedia.org/wikipedia/commons/thumb/3/3d/Helianthus_annuus_-_flower_view_01.jpg/394px-Helianthus_annuus_-_flower_view_01.jpg
https://upload.wikimedia.org/wikipedia/commons/thumb/8/8f/Helianthus_x_laetiflorus_001.JPG/393px-Helianthus_x_laetiflorus_001.JPG
https://upload.wikimedia.org/wikipedia/commons/thumb/d/df/Wikispecies-logo.svg/34px-Wikispecies-logo.svg.png
