<script>function offsetAnchor() {if(location.hash.length !== 0) {window.scrollTo(window.scrollX, window.scrollY - 250);}}window.addEventListener("hashchange", offsetAnchor);window.setTimeout(offsetAnchor, 1);</script>tps://upload.wikimedia.org/wikipedia/commons/thumb/3/3f/The_Vengaboys.jpg/160px-The_Vengaboys.jpg
https://upload.wikimedia.org/wikipedia/commons/thumb/8/84/Britney_Spears.jpg/160px-Britney_Spears.jpg
https://upload.wikimedia.org/wikipedia/commons/thumb/a/a8/Anastacia%2C_Women%27s_World_Awards_2009_a.jpg/160px-Anastacia%2C_Women%27s_World_Awards_2009_a.jpg
https://upload.wikimedia.org/wikipedia/commons/thumb/1/16/HamburgDSC03276.JPG/160px-HamburgDSC03276.JPG
https://upload.wikimedia.org/wikipedia/commons/thumb/e/e5/Madonna_Live_8_-_1.jpg/160px-Madonna_Live_8_-_1.jpg
https://upload.wikimedia.org/wikipedia/commons/thumb/2/20/Atomic_Kitten_in_concert.jpg/160px-Atomic_Kitten_in_concert.jpg
https://upload.wikimedia.org/wikipedia/commons/thumb/4/4d/Craig-David_2008.jpg/160px-Craig-David_2008.jpg
https://upload.wikimedia.org/wikipedia/commons/thumb/8/87/Emma_Bunton_at_Heart_Live_Christmas_2016.jpg/160px-Emma_Bunton_at_Heart_Live_Christmas_2016.jpg
https://upload.wikimedia.org/wikipedia/commons/thumb/2/22/Blue_3.jpg/160px-Blue_3.jpg
https://upload.wikimedia.org/wikipedia/commons/thumb/4/4c/Alicia_Keys_4.jpg/160px-Alicia_Keys_4.jpg
https://upload.wikimedia.org/wikipedia/commons/thumb/1/1c/Pink_%28singer%29.jpg/140px-Pink_%28singer%29.jpg
https://upload.wikimedia.org/wikipedia/commons/thumb/b/bd/Alanis_Morissette_at_Espacio_Movistar_6.jpg/160px-Alanis_Morissette_at_Espacio_Movistar_6.jpg
https://upload.wikimedia.org/wikipedia/commons/thumb/a/a3/Wyclefjean2_%28300dpi%29.jpg/160px-Wyclefjean2_%28300dpi%29.jpg
https://upload.wikimedia.org/wikipedia/commons/thumb/6/64/Avrilgfdl.JPG/160px-Avrilgfdl.JPG
https://upload.wikimedia.org/wikipedia/commons/thumb/c/cb/Christina_Aguilera_Sanremo.jpg/160px-Christina_Aguilera_Sanremo.jpg
https://upload.wikimedia.org/wikipedia/commons/thumb/b/bf/JenniferLopez.jpg/160px-JenniferLopez.jpg
https://upload.wikimedia.org/wikipedia/commons/thumb/4/4b/50_cent_retouched.png/160px-50_cent_retouched.png
https://upload.wikimedia.org/wikipedia/commons/thumb/b/ba/Guy_Sebastian_performing_at_a_function_in_2009.jpg/160px-Guy_Sebastian_performing_at_a_function_in_2009.jpg
https://upload.wikimedia.org/wikipedia/commons/thumb/e/e8/Baby_Bash_2010.jpg/160px-Baby_Bash_2010.jpg
https://upload.wikimedia.org/wikipedia/commons/thumb/9/94/Jameliain20072.jpg/160px-Jameliain20072.jpg
https://upload.wikimedia.org/wikipedia/commons/4/45/Usher.jpg
https://upload.wikimedia.org/wikipedia/commons/thumb/3/36/Nelly.jpg/160px-Nelly.jpg
https://upload.wikimedia.org/wikipedia/commons/thumb/4/41/ScribeBDO2007.jpg/160px-ScribeBDO2007.jpg
https://upload.wikimedia.org/wikipedia/commons/thumb/6/61/Snoop_crop.jpg/160px-Snoop_crop.jpg
https://upload.wikimedia.org/wikipedia/commons/thumb/3/38/Mario_FP3.jpg/160px-Mario_FP3.jpg
https://upload.wikimedia.org/wikipedia/commons/thumb/c/c8/Savage_Deceptikonz_2007.jpg/160px-Savage_Deceptikonz_2007.jpg
https://upload.wikimedia.org/wikipedia/commons/thumb/b/b8/Rihanna_AMA_2009_Red_carpet.jpg/160px-Rihanna_AMA_2009_Red_carpet.jpg
https://upload.wikimedia.org/wikipedia/commons/thumb/7/71/Kanye_West.jpg/160px-Kanye_West.jpg
https://upload.wikimedia.org/wikipedia/commons/thumb/e/e0/ThePussycatDolls.jpg/160px-ThePussycatDolls.jpg
https://upload.wikimedia.org/wikipedia/commons/thumb/4/44/Sugababes_GWR_Bristol.jpg/160px-Sugababes_GWR_Bristol.jpg
https://upload.wikimedia.org/wikipedia/commons/thumb/4/48/Shakira_-_Rock_in_Rio_2008_02.jpg/160px-Shakira_-_Rock_in_Rio_2008_02.jpg
https://upload.wikimedia.org/wikipedia/commons/thumb/b/b6/Nelly_Furtado_Rock_am_Ring.jpg/160px-Nelly_Furtado_Rock_am_Ring.jpg
https://upload.wikimedia.org/wikipedia/commons/thumb/9/97/James_Morrison.jpg/160px-James_Morrison.jpg
https://upload.wikimedia.org/wikipedia/commons/thumb/3/30/FallOutBoy.jpg/160px-FallOutBoy.jpg
https://upload.wikimedia.org/wikipedia/commons/thumb/4/43/Gwen_Stefani.jpg/160px-Gwen_Stefani.jpg
https://upload.wikimedia.org/wikipedia/commons/thumb/e/e8/Robin_Wong_Ne-Yo_10.jpg/160px-Robin_Wong_Ne-Yo_10.jpg
https://upload.wikimedia.org/wikipedia/commons/thumb/b/b2/Sean_Kingston_Shout_Awards.jpg/160px-Sean_Kingston_Shout_Awards.jpg
https://upload.wikimedia.org/wikipedia/commons/thumb/a/a3/Leonalewis.jpg/160px-Leonalewis.jpg
https://upload.wikimedia.org/wikipedia/commons/thumb/c/cd/Jordin_Sparks_at_Commander-in-Chief%27s_Ball.jpg/160px-Jordin_Sparks_at_Commander-in-Chief%27s_Ball.jpg
https://upload.wikimedia.org/wikipedia/commons/thumb/2/27/Phil_Collins_1981.jpg/160px-Phil_Collins_1981.jpg
https://upload.wikimedia.org/wikipedia/commons/thumb/c/cd/Katy_Perry_toronto.jpg/160px-Katy_Perry_toronto.jpg
https://upload.wikimedia.org/wikipedia/commons/thumb/8/8d/T.I._at_Bumbershoot.jpg/160px-T.I._at_Bumbershoot.jpg
https://upload.wikimedia.org/wikipedia/commons/thumb/9/99/Lady_GaGa.jpg/160px-Lady_GaGa.jpg
https://upload.wikimedia.org/wikipedia/commons/thumb/0/02/Jasonmraz.jpg/160px-Jasonmraz.jpg
https://upload.wikimedia.org/wikipedia/commons/thumb/4/4e/Keri_Hilson_2009-04-10_Adam-Bielawski.jpg/160px-Keri_Hilson_2009-04-10_Adam-Bielawski.jpg
https://upload.wikimedia.org/wikipedia/commons/thumb/2/21/Les_Black_Eyed_Peas_en_concert_au_VIP_Room_Paris_3.jpg/160px-Les_Black_Eyed_Peas_en_concert_au_VIP_Room_Paris_3.jpg
https://upload.wikimedia.org/wikipedia/commons/thumb/b/b5/Beyonc%C3%A9KnowlesAAFeb09.jpg/160px-Beyonc%C3%A9KnowlesAAFeb09.jpg
https://upload.wikimedia.org/wikipedia/commons/thumb/f/f3/ChrisBrown.jpg/150px-ChrisBrown.jpg
https://upload.wikimedia.org/wikipedia/commons/thumb/f/fa/JustinTimberlakeJune07_crop.jpg/150px-JustinTimberlakeJune07_crop.jpg
https://upload.wikimedia.org/wikipedia/commons/thumb/f/f4/OneRepublic_in_Bangkok_2017.jpg/150px-OneRepublic_in_Bangkok_2017.jpg
https://upload.wikimedia.org/wikipedia/commons/thumb/9/92/Sophie_Ellis_Bextor.jpg/150px-Sophie_Ellis_Bextor.jpg
https://upload.wikimedia.org/wikipedia/commons/thumb/f/fd/MMVAs_2010-06-19_Kesha.jpg/150px-MMVAs_2010-06-19_Kesha.jpg
https://upload.wikimedia.org/wikipedia/commons/thumb/6/64/William_BEP.jpg/150px-William_BEP.jpg
