<script>function offsetAnchor() {if(location.hash.length !== 0) {window.scrollTo(window.scrollX, window.scrollY - 250);}}window.addEventListener("hashchange", offsetAnchor);window.setTimeout(offsetAnchor, 1);</script>rporated_areas_Talbotton_Highlighted.svg/250px-Talbot_County_Georgia_Incorporated_and_Unincorporated_areas_Talbotton_Highlighted.svg.png
https://upload.wikimedia.org/wikipedia/commons/thumb/d/dc/Talbot_County%2C_GA_Courthouse.JPG/90px-Talbot_County%2C_GA_Courthouse.JPG
https://upload.wikimedia.org/wikipedia/commons/thumb/7/71/Talbotton%2C_GA_City_Hall.JPG/120px-Talbotton%2C_GA_City_Hall.JPG
https://upload.wikimedia.org/wikipedia/commons/thumb/8/88/Talbotton%2C_GA_Post_Office_%2831827%29.JPG/120px-Talbotton%2C_GA_Post_Office_%2831827%29.JPG
https://upload.wikimedia.org/wikipedia/commons/thumb/5/53/Talbot_County_Public_Library%3B_Talbotton%2C_GA.JPG/120px-Talbot_County_Public_Library%3B_Talbotton%2C_GA.JPG
https://upload.wikimedia.org/wikipedia/commons/thumb/5/5f/Frederick_A._Bailey_House%3B_Talbotton%2C_GA.JPG/120px-Frederick_A._Bailey_House%3B_Talbotton%2C_GA.JPG
https://upload.wikimedia.org/wikipedia/commons/thumb/5/5a/Newton_P._Carreker_House%3B_Talbotton%2C_GA.JPG/120px-Newton_P._Carreker_House%3B_Talbotton%2C_GA.JPG
https://upload.wikimedia.org/wikipedia/commons/thumb/9/95/LeVert_Historic_District_%28Straus-LeVert_Memorial_Hall%29%3B_Talbotton%2C_GA_%28NRHP%29.JPG/120px-LeVert_Historic_District_%28Straus-LeVert_Memorial_Hall%29%3B_Talbotton%2C_GA_%28NRHP%29.JPG
https://upload.wikimedia.org/wikipedia/commons/thumb/3/32/David_Shelton_House%3B_Talbotton%2C_GA_%28NRHP%29.JPG/120px-David_Shelton_House%3B_Talbotton%2C_GA_%28NRHP%29.JPG
https://upload.wikimedia.org/wikipedia/commons/thumb/1/12/George_W._B._Towns_House%3B_Talbotton%2C_GA_%28NRHP%29.JPG/120px-George_W._B._Towns_House%3B_Talbotton%2C_GA_%28NRHP%29.JPG
https://upload.wikimedia.org/wikipedia/commons/thumb/4/46/Weeks-Kimbrough_House%3B_Talbotton%2C_GA_%28NRHP%29.JPG/120px-Weeks-Kimbrough_House%3B_Talbotton%2C_GA_%28NRHP%29.JPG
https://upload.wikimedia.org/wikipedia/commons/thumb/0/08/Zion_Episcopal_Church_%28NRHP%29%3B_Talbotton%2C_GA.JPG/120px-Zion_Episcopal_Church_%28NRHP%29%3B_Talbotton%2C_GA.JPG
https://upload.wikimedia.org/wikipedia/commons/thumb/8/84/Map_of_Georgia_highlighting_Talbot_County.svg/86px-Map_of_Georgia_highlighting_Talbot_County.svg.png
