<script>function offsetAnchor() {if(location.hash.length !== 0) {window.scrollTo(window.scrollX, window.scrollY - 250);}}window.addEventListener("hashchange", offsetAnchor);window.setTimeout(offsetAnchor, 1);</script>aders_in_the_Sicilian_campaign.jpg/220px-Allied_leaders_in_the_Sicilian_campaign.jpg
https:https://upload.wikimedia.org/wikipedia/commons/thumb/2/2f/Alfredo_guzzoni.jpg/180px-Alfredo_guzzoni.jpg
https:https://upload.wikimedia.org/wikipedia/commons/thumb/1/12/Sicily_in_Italy.svg/220px-Sicily_in_Italy.svg.png
https:https://upload.wikimedia.org/wikipedia/commons/thumb/e/ed/Map_operation_husky_landing.jpg/220px-Map_operation_husky_landing.jpg
https:https://upload.wikimedia.org/wikipedia/commons/thumb/2/29/Malta_-_Valletta_-_St._James_Ditch_-_Lascaris_War_Rooms_02_ies.jpg/220px-Malta_-_Valletta_-_St._James_Ditch_-_Lascaris_War_Rooms_02_ies.jpg
https:https://upload.wikimedia.org/wikipedia/commons/thumb/e/e7/The_Campaign_in_Sicily_1943_CNA1002.jpg/220px-The_Campaign_in_Sicily_1943_CNA1002.jpg
https:https://upload.wikimedia.org/wikipedia/commons/thumb/b/b5/Troops_from_51st_Highland_Division_unloading_stores_from_tank_landing_craft_on_the_opening_day_of_the_Allied_invasion_of_Sicily%2C_10_July_1943._A17916.jpg/220px-Troops_from_51st_Highland_Division_unloading_stores_from_tank_landing_craft_on_the_opening_day_of_the_Allied_invasion_of_Sicily%2C_10_July_1943._A17916.jpg
https:https://upload.wikimedia.org/wikipedia/commons/thumb/2/21/SC180455t.jpg/220px-SC180455t.jpg
https:https://upload.wikimedia.org/wikipedia/commons/thumb/b/b1/Treno_armato_Licata.JPG/220px-Treno_armato_Licata.JPG
https:https://upload.wikimedia.org/wikipedia/commons/thumb/6/65/The_British_Army_in_Sicily_1943_NA4614.jpg/220px-The_British_Army_in_Sicily_1943_NA4614.jpg
https:https://upload.wikimedia.org/wikipedia/commons/thumb/d/d5/Sicilymap2.jpg/220px-Sicilymap2.jpg
https:https://upload.wikimedia.org/wikipedia/commons/thumb/1/10/Prigionieri_206a_Divisione_Costiera.JPG/250px-Prigionieri_206a_Divisione_Costiera.JPG
https:https://upload.wikimedia.org/wikipedia/commons/thumb/2/21/Loyal_Edmonton_Regiment_soldiers_entering_Modica_Sicily_July_1943.jpg/220px-Loyal_Edmonton_Regiment_soldiers_entering_Modica_Sicily_July_1943.jpg
https:https://upload.wikimedia.org/wikipedia/commons/thumb/d/d2/US_paratroops_bound_for_Sicily.jpg/220px-US_paratroops_bound_for_Sicily.jpg
https:https://upload.wikimedia.org/wikipedia/commons/thumb/6/66/Local_children_crowd_aboard_a_Sherman_Mk_III_tank_of_the_County_of_London_Yeomanry_in_the_village_of_Milo_near_Catania_in_Sicily%2C_August_1943._TR1244.jpg/220px-Local_children_crowd_aboard_a_Sherman_Mk_III_tank_of_the_County_of_London_Yeomanry_in_the_village_of_Milo_near_Catania_in_Sicily%2C_August_1943._TR1244.jpg
https:https://upload.wikimedia.org/wikipedia/commons/thumb/4/4d/Sherman-Tank-in-Sicily.png/220px-Sherman-Tank-in-Sicily.png
https:https://upload.wikimedia.org/wikipedia/commons/thumb/2/25/The_British_Army_in_Sicily_1943_NA5666.jpg/220px-The_British_Army_in_Sicily_1943_NA5666.jpg
https:https://upload.wikimedia.org/wikipedia/commons/thumb/d/de/Mortars-At-Palermo.png/220px-Mortars-At-Palermo.png
https:https://upload.wikimedia.org/wikipedia/commons/thumb/d/d4/Men_of_the_6th_Battalion%2C_The_Royal_Inniskilling_Fusiliers%2C_78th_Division%2C_await_orders_to_move_into_Centuripe%2C_Sicily%2C_2_August_1943._NA5413.jpg/220px-Men_of_the_6th_Battalion%2C_The_Royal_Inniskilling_Fusiliers%2C_78th_Division%2C_await_orders_to_move_into_Centuripe%2C_Sicily%2C_2_August_1943._NA5413.jpg
https:https://upload.wikimedia.org/wikipedia/commons/thumb/d/da/The_British_Army_in_Sicily_1943_NA5545.jpg/220px-The_British_Army_in_Sicily_1943_NA5545.jpg
https:https://upload.wikimedia.org/wikipedia/commons/thumb/6/64/Private_Roy_W._Humphrey_of_Toledo%2C_Ohio_is_being_given_blood_plasma_after_he_was_wounded_by_shrapnel_in_Sicily_on_8-9-43_-_NARA_-_197268.jpg/220px-Private_Roy_W._Humphrey_of_Toledo%2C_Ohio_is_being_given_blood_plasma_after_he_was_wounded_by_shrapnel_in_Sicily_on_8-9-43_-_NARA_-_197268.jpg
https:https://upload.wikimedia.org/wikipedia/commons/thumb/1/1a/The_British_Army_in_Sicily_1943_NA5335.jpg/220px-The_British_Army_in_Sicily_1943_NA5335.jpg
https:https://upload.wikimedia.org/wikipedia/commons/thumb/3/3e/Sicily_Husky_WWII_Dead_Pilot_1943.jpg/220px-Sicily_Husky_WWII_Dead_Pilot_1943.jpg
https:https://upload.wikimedia.org/wikipedia/en/thumb/f/f2/Edit-clear.svg/40px-Edit-clear.svg.png
